{
  "n_samples_total": 934,
  "n_features": 2006,
  "seed": 42,
  "threshold": 0.4,
  "roc_auc": 0.8733333333333333,
  "f1": 0.8918918918918919,
  "precision": 0.8114754098360656,
  "recall": 0.99
}